CustomerID,p_treated,p_control,uplift
17965.0,0.46,0.08,0.38
17696.0,0.47,0.11,0.36
17719.0,0.48,0.17,0.30999999999999994
15576.0,0.85,0.58,0.27
15065.0,0.48,0.21,0.27
12357.0,0.93,0.71,0.22000000000000008
12798.0,0.97,0.78,0.18999999999999995
12384.0,0.92,0.75,0.17000000000000004
12452.0,0.94,0.8,0.1399999999999999
12669.0,0.19,0.06,0.13
